,minima,maxima,average,variance
resp,-7.38986412682432,13.606508915079354,-0.0001981047365566525,0.012638686542635478
resp_1,-5.245865281624844,4.233446250398526,-0.0006675459363730344,0.0014729812035614766
resp_2,-5.2458652816248454,4.256189126771518,-0.0006223911056100074,0.0026124835683112887
resp_3,-6.843228234896611,7.178111217867559,-0.0004941660061636262,0.0067213394145656784
resp_4,-10.316118825432124,14.34230821527238,-0.00015005699228407815,0.020305394791490836
